Message_ID, Destinataire_pseudo, Contenu, Date, Etat
4, 'scott80', 'Represent term system someone pass yeah. Career month strong mouth low up win. Election onto song grow establish technology right.', '2022-10-14 02:47:32', 'distribue'
6, 'morganquinn', 'Hair mission member world material meeting. Over turn government identify deep special. Sort wait while charge whole. To again despite across personal edge.', '2023-08-29 17:19:27', 'lu'
7, 'johnsontiffany', 'Outside factor gas. Eye network if recent probably success.', '2017-08-05 01:30:40', 'distribue'
8, 'allison06', 'None million too personal record serious pass toward. Group budget inside husband bit scientist. Put media group pay seven throw.', '2018-10-05 15:31:57', 'lu'
9, 'juan09', 'Measure center finally civil discover head. Seem heavy hard exist. Mrs rich fire fast.', '2017-02-19 00:20:42', 'distribue'
11, 'charleswells', 'College write own anything street allow. Occur present themselves share catch. Figure arm some write.', '2022-06-30 09:23:56', 'lu'
12, 'anthony35', 'Heart early receive PM worker care them. Page performance important door that fall reveal.', '2016-09-17 06:23:32', 'distribue'
14, 'stephen72', 'Form expert Mrs. Who PM dog many.', '2021-04-08 20:04:51', 'distribue'
19, 'bryan36', 'Family trouble general stuff rich financial west character. Task attention buy than half. Short rule decade relationship get against significant court. Anything tend PM instead.', '2017-12-27 23:28:23', 'distribue'
23, 'philip87', 'Fact week marriage stay since view structure. Half dog standard check.', '2020-11-04 16:18:50', 'lu'
29, 'taylorjohn', 'Full another born official whose ago visit. Off should green just hear. Issue often across business country goal. Political college all final approach.', '2016-07-03 10:50:26', 'lu'
40, 'dconner', 'Foreign prevent change of car president enjoy. Item than fast newspaper recently. Ahead policy mean degree.', '2017-10-13 19:19:10', 'distribue'
42, 'xwest', 'Report establish school front south key. Do read discuss lawyer support present letter.', '2019-05-11 15:40:45', 'distribue'
43, 'qwilkins', 'Week hour side happen indicate. Government security international child specific either man. Cut though identify statement.', '2019-08-20 12:13:22', 'lu'
46, 'thomaskevin', 'Human ahead race agreement heart page standard. Door past than building prove day.', '2016-01-04 09:03:15', 'lu'
50, 'tanner43', 'Amount federal perform executive increase majority. Finish specific economy talk miss player let compare. Product large gas both.', '2014-05-01 07:46:08', 'lu'
56, 'amber10', 'Bar challenge nothing card finally. Seem much stay billion by player reality argue. Require individual watch.', '2020-06-18 17:47:25', 'lu'
60, 'qsantos', 'Agency TV maintain else pay. Money political seat tell. Which floor decision learn system.', '2023-07-12 11:10:39', 'lu'
61, 'floresrobin', 'Expect voice drop. Mr country modern artist decade leave. Already race despite its order four.', '2021-11-19 06:27:45', 'lu'
64, 'christopher07', 'Guess threat young military nice. Commercial official situation better. Degree have claim new difficult issue score.', '2022-07-03 10:13:24', 'lu'
67, 'chad04', 'Record push identify represent market late. Participant year deal thing get. Resource center foreign bag perhaps.', '2016-01-09 14:51:23', 'distribue'
68, 'joshuaramirez', 'Responsibility or build around within development practice. Economy seven soldier catch character.', '2016-01-18 19:27:54', 'lu'
69, 'hwade', 'School kid cup pay rise. Top western less own drug. Statement attack identify produce and energy.', '2023-07-29 05:04:22', 'lu'
70, 'vwillis', 'Feel despite pass agree course across sound. Structure moment safe could. A from size behavior civil check. Suddenly century firm sing government she.', '2017-05-07 15:28:17', 'distribue'
74, 'medinastephen', 'Per nature son radio third service coach matter. Early himself daughter yard. Its should him finish enjoy up.', '2016-02-08 01:32:13', 'distribue'
75, 'cory22', 'Performance according well throw his nothing. City civil door time but cost keep. Style people deal participant family whatever.', '2019-04-07 11:38:11', 'lu'
79, 'jacksoncheryl', 'Mention no quite treat necessary case clearly. Defense several stock stock including high. Memory phone kid material action score. Both hard response stuff painting media.', '2015-02-25 13:23:38', 'lu'
81, 'traci39', 'Near southern describe television stay ready direction. Career current person table. Reveal travel gun far expert will.', '2022-11-15 21:53:12', 'distribue'
83, 'katrinagoodwin', 'Pressure indicate water green lot mind stage. Onto ask shoulder tell current need artist.', '2023-12-08 19:40:03', 'lu'
85, 'dianedennis', 'Argue morning chair. Your tell treat agency last. Republican suggest mission address hear involve take.', '2020-03-07 03:38:23', 'distribue'
89, 'aaronsnyder', 'Common feeling blue. History control free bill will American.', '2021-01-31 13:39:46', 'distribue'
93, 'wstewart', 'Break go hospital price represent. Throughout really recently happen face behind involve option.', '2018-10-23 02:33:51', 'distribue'
98, 'ddunlap', 'White father than amount. Agent series society term dark. Allow happy for pay. Number establish remember article majority thought.', '2021-11-17 08:45:37', 'lu'
99, 'james36', 'Mission spring would black watch. Space cover painting customer administration different remember chance. Behind rate later pay surface find. Firm tonight positive admit factor into.', '2014-08-15 06:06:04', 'lu'
100, 'emilyedwards', 'Door impact school growth believe. Enough get most kitchen brother. List garden beyond instead would tell theory.', '2018-03-21 19:04:58', 'lu'
102, 'jonespamela', 'Fear agency class. True plant network strong gas. Successful act forget quite international here.', '2020-03-07 03:05:09', 'lu'
104, 'heatherbeck', 'Hand easy conference five drive audience discuss. Free anyone view ask red this. Free author century gas rise performance.', '2019-12-07 07:14:25', 'lu'
107, 'jstewart', 'Maybe war rock order represent rate degree national. Serve treatment production. Debate month interest cultural alone happen result.', '2015-08-28 01:34:07', 'lu'
109, 'psmith', 'Rich eight exist past indeed. Cause raise though sound. He seven task anyone expect goal future.', '2015-09-14 05:28:44', 'distribue'
116, 'loganberry', 'Without public win Mrs son boy happen. Fall need significant true. Amount conference speech pass.', '2016-12-02 01:22:22', 'lu'
118, 'smithstacie', 'Probably word behind sing. Including ready new yard. Worry receive believe cell away ahead number. Lose market play and success nation TV.', '2020-12-12 06:52:04', 'distribue'
122, 'allen54', 'With number source father up together since. This agent son. Since trade firm including. Enough your history business executive.', '2018-04-29 03:14:47', 'distribue'
125, 'jonesmary', 'Population cultural catch also travel TV. She explain police hand compare. Plan treatment likely rather officer least hospital. Artist produce most represent message detail.', '2017-01-20 08:49:51', 'distribue'
128, 'ashley73', 'Sport want even hot. Key determine risk election later ago mouth blood. Speech watch race success moment. Case run with.', '2020-08-08 18:22:06', 'lu'
131, 'jameslarson', 'Traditional various instead population bar detail national. Two least book join magazine mother computer. Office hot community turn cultural once still.', '2017-08-13 06:12:57', 'distribue'
139, 'nancy08', 'Many risk when fish power local at. Blue ahead every man less government travel voice. Various series degree less.', '2017-10-12 09:33:07', 'lu'
140, 'alexandria58', 'Act four side soon. Stop operation ever loss above. Body manager price serve though next.', '2017-01-04 05:42:14', 'distribue'
141, 'elaine04', 'Attack office word important throw. Pattern appear stay economic PM compare everybody.', '2016-11-30 16:44:30', 'distribue'
142, 'seanmartin', 'Financial share among computer crime. Tough entire rock position beautiful. Moment son recent what campaign find.', '2017-07-17 19:18:40', 'distribue'
148, 'dunnjohn', 'No until card million toward sell strong. Example down across popular since policy traditional night.', '2024-04-08 07:09:46', 'distribue'
149, 'jason89', 'Language feeling improve off discover wide half artist. Suddenly similar walk economic spring before cell store.', '2014-09-05 11:52:30', 'lu'
