Association_ID, Nom, Site_web
100, 'Avery and Sons', 'http://hernandez-english.net/'
101, 'Smith Ltd', 'https://mooney.com/'
102, 'Jackson Ltd', 'https://lara.org/'
103," 'Edwards, Stanley and Reed'", 'http://bruce.com/'
104, 'Pierce Inc', 'https://www.hutchinson-holmes.com/'
105, 'Aguilar-Nguyen', 'https://www.harris.com/'
106, 'Johnson and Sons', 'https://www.banks.com/'
107, 'Singleton Inc', 'https://www.mendez.info/'
108," 'Flores, Lewis and Vazquez'", 'https://flowers.com/'
109," 'Thompson, Wiley and Hughes'", 'https://williams-frye.com/'
110," 'Brown, Schmidt and Phillips'", 'http://walker.com/'
