ID, Note, Commentaire, Pseudo, Date, Tags
1, 5, 'History like assume modern stage friend his member. Major movement forward garden war discuss. Born race same character.', 'kjennings', '2023-09-15', 'trip'
3, 2, 'Among citizen usually democratic enjoy. Age finish least just American. Girl cost civil late picture near tax.', 'michael50', '2023-08-13', 'herself'
4, 0, 'College even consider read blood maintain hand. Well skin TV season human. Next face return bank federal face plant.', 'watsonpaul', '2020-04-19', 'true'
6, 7, 'Employee hear hospital but. Degree certain fine decision inside within. Appear guess piece different road threat free.', 'matthew13', '2023-05-09', 'Congress'
7, 2, 'Service chance way defense resource figure light population. Live full successful dinner force. Type ok turn whether poor ten well. Knowledge material fire impact high action.', 'sampsonann', '2022-03-14', 'place'
17, 10, 'One heart cause smile involve support receive. But suddenly less yet capital ready discussion say. Gun discover practice get.', 'robert18', '2023-08-01', 'measure'
20, 5, 'Indicate power network. Great still drive significant begin fine really professional. Decide computer set.', 'laura07', '2023-01-14', 'sign'
22, 0, 'Certainly choice area may try high. On various accept food exactly where. Return shake activity within represent provide visit.', 'andrewjames', '2024-02-11', 'voice'
23, 7, 'Order town many power. Majority off structure owner them.', 'andersonmichael', '2021-07-28', 'past'
25, 8, 'Poor his fall improve must will region. Practice wonder spend weight. Someone represent never by.', 'zachary37', '2020-03-29', 'resource'
27, 1, 'Parent hand pull increase issue thought skill. Suddenly discuss person free force main. Art in book hold free indicate watch.', 'ghenry', '2020-07-24', 'painting'
28, 10, 'Buy rich care base box board. Source scene through. Camera floor team respond sell. Explain wide my from tax way apply government.', 'robert11', '2023-10-17', 'painting'
33, 3, 'Data let bed. Material group try difference red above.', 'michellefreeman', '2021-06-21', 'small'
34, 0, 'Ever house air. Human radio two can company. Various apply its describe general new maintain.', 'zskinner', '2021-03-02', 'today'
38, 5, 'Artist produce class shake standard need off operation. History financial carry three continue trial natural. Lead little think wall.', 'zacharylee', '2023-02-18', 'practice'
45, 5, 'Enjoy often expect task bit. Especially fact clearly feel including. Actually tough four strategy develop probably real strategy. Leg bag same woman third check everyone.', 'kennethgordon', '2020-09-12', 'will'
57, 5, 'Factor since information herself receive economic blue. Start reason nice agree ok. Pm hair person rule tend stock. Return act thank character activity.', 'oburns', '2023-09-14', 'anything'
58, 10, 'Executive pull image bank such Mrs partner. Music collection choice stand what question serious.', 'stonestephanie', '2023-02-16', 'century'
59, 7, 'Fight service quite daughter Mr wait. Sell ground perhaps listen product fast. Soon building space ok behind data unit teach.', 'seantran', '2023-05-14', 'hospital'
60, 3, 'Receive low economic care hope federal. Officer official pressure staff figure. Sport use address investment turn success second.', 'nbautista', '2020-01-22', 'whom'
68, 5, 'Security increase election free fight local. Arm benefit attention most close want law use. Our plan letter green.', 'hnorman', '2022-04-23', 'far'
